name,lat,lon,demand,tw_start,tw_end,service_min,depot
Riyadh warehouse,24.633,46.805,0,,,0,1
RUH-01,24.82997,46.6165,4,08:00,11:00,5,0
RUH-02,24.76847,46.77229,1,,,5,0
RUH-03,24.66462,46.59291,2,,,10,0
RUH-04,24.76995,46.59259,5,,,8,0
RUH-05,24.67456,46.62943,5,,,5,0
RUH-06,24.76761,46.7392,4,08:00,11:00,8,0
RUH-07,24.81618,46.80638,5,,,5,0
RUH-08,24.66709,46.65036,4,,,5,0
RUH-09,24.68218,46.81432,3,13:00,17:00,8,0
RUH-10,24.72415,46.68645,2,,,8,0
RUH-11,24.73519,46.68328,5,08:00,11:00,10,0
RUH-12,24.78181,46.81379,1,13:00,17:00,10,0
RUH-13,24.68537,46.69226,2,13:00,17:00,5,0
RUH-14,24.69616,46.60511,2,,,5,0
RUH-15,24.73119,46.67078,3,13:00,17:00,5,0
RUH-16,24.70646,46.59633,6,08:00,11:00,5,0
RUH-17,24.75734,46.60626,1,08:00,11:00,5,0
RUH-18,24.82104,46.69975,4,,,5,0
RUH-19,24.74029,46.83773,4,,,10,0
RUH-20,24.77454,46.74725,1,13:00,17:00,8,0
RUH-21,24.82625,46.58473,6,,,5,0
RUH-22,24.68174,46.62456,4,,,8,0
RUH-23,24.64256,46.59987,6,08:00,11:00,5,0
RUH-24,24.83835,46.71895,1,13:00,17:00,5,0
RUH-25,24.6056,46.77566,5,,,5,0
RUH-26,24.69666,46.61056,5,,,5,0
RUH-27,24.60919,46.67822,1,,,5,0
RUH-28,24.64877,46.7074,6,13:00,17:00,10,0
RUH-29,24.71147,46.64474,3,08:00,11:00,5,0
RUH-30,24.82339,46.72718,6,08:00,11:00,8,0
RUH-31,24.61363,46.70968,1,,,10,0
RUH-32,24.7681,46.65204,2,,,10,0
RUH-33,24.80313,46.64066,2,,,8,0
RUH-34,24.68215,46.8046,1,,,10,0
RUH-35,24.746,46.60788,5,,,8,0
RUH-36,24.66693,46.79956,3,08:00,11:00,8,0
RUH-37,24.7261,46.67046,4,,,10,0
RUH-38,24.79617,46.83318,4,08:00,11:00,8,0
RUH-39,24.80981,46.77804,6,13:00,17:00,5,0
RUH-40,24.76967,46.60228,3,,,5,0
